-- phpMyAdmin SQL Dump
-- version 5.2.0
-- https://www.phpmyadmin.net/
--
-- Host: 127.0.0.1
-- Generation Time: Sep 19, 2022 at 02:19 AM
-- Server version: 10.4.24-MariaDB
-- PHP Version: 8.1.6

SET SQL_MODE = "NO_AUTO_VALUE_ON_ZERO";
START TRANSACTION;
SET time_zone = "+00:00";


/*!40101 SET @OLD_CHARACTER_SET_CLIENT=@@CHARACTER_SET_CLIENT */;
/*!40101 SET @OLD_CHARACTER_SET_RESULTS=@@CHARACTER_SET_RESULTS */;
/*!40101 SET @OLD_COLLATION_CONNECTION=@@COLLATION_CONNECTION */;
/*!40101 SET NAMES utf8mb4 */;

--
-- Database: `toko_online`
--

-- --------------------------------------------------------

--
-- Table structure for table `detail_transaksi`
--

CREATE TABLE `detail_transaksi` (
  `id_detail_transaksi` int(11) NOT NULL,
  `id_transaksi` int(11) NOT NULL,
  `qty` int(11) NOT NULL,
  `subtotal` int(11) NOT NULL
) ENGINE=InnoDB DEFAULT CHARSET=utf8mb4;

--
-- Dumping data for table `detail_transaksi`
--

INSERT INTO `detail_transaksi` (`id_detail_transaksi`, `id_transaksi`, `qty`, `subtotal`) VALUES
(25, 43, 1, 400),
(26, 44, 1, 400),
(27, 45, 1, 400),
(28, 46, 1, 400),
(29, 47, 1, 400),
(30, 48, 1, 400),
(31, 49, 1, 400),
(32, 50, 1, 400),
(33, 51, 1, 400),
(34, 52, 1, 400),
(35, 53, 1, 400),
(36, 54, 1, 400),
(37, 55, 1, 400);

-- --------------------------------------------------------

--
-- Table structure for table `pelanggan`
--

CREATE TABLE `pelanggan` (
  `id_pelanggan` int(11) NOT NULL,
  `nama_pelanggan` varchar(100) NOT NULL,
  `username` varchar(255) NOT NULL,
  `password` varchar(255) NOT NULL,
  `alamat` text NOT NULL,
  `telephone` varchar(50) NOT NULL
) ENGINE=InnoDB DEFAULT CHARSET=utf8mb4;

--
-- Dumping data for table `pelanggan`
--

INSERT INTO `pelanggan` (`id_pelanggan`, `nama_pelanggan`, `username`, `password`, `alamat`, `telephone`) VALUES
(6, 'abdul', 'aa', '12', 'sfsfs', 'asdfsf'),
(7, 'Ahmad', 'ee', '12', 'ngasem', '12312'),
(8, 'alfin', 'gg', 'gg', 'trenggalek', '+62 856 4845 8011');

-- --------------------------------------------------------

--
-- Table structure for table `petugas`
--

CREATE TABLE `petugas` (
  `id_petugas` int(11) NOT NULL,
  `nama_petugas` varchar(100) NOT NULL,
  `username` varchar(100) NOT NULL,
  `password` varchar(100) NOT NULL,
  `level` varchar(100) NOT NULL
) ENGINE=InnoDB DEFAULT CHARSET=utf8mb4;

--
-- Dumping data for table `petugas`
--

INSERT INTO `petugas` (`id_petugas`, `nama_petugas`, `username`, `password`, `level`) VALUES
(1, 'Ahmad', 'ss', '21', '1');

-- --------------------------------------------------------

--
-- Table structure for table `produk`
--

CREATE TABLE `produk` (
  `id_produk` int(11) NOT NULL,
  `nama_produk` varchar(100) NOT NULL,
  `deskripsi` text NOT NULL,
  `harga` int(11) NOT NULL,
  `foto_produk` varchar(255) NOT NULL
) ENGINE=InnoDB DEFAULT CHARSET=utf8mb4;

--
-- Dumping data for table `produk`
--

INSERT INTO `produk` (`id_produk`, `nama_produk`, `deskripsi`, `harga`, `foto_produk`) VALUES
(33, 'Cardi', 'Kaos', 400, 'flannel2.jpg');

-- --------------------------------------------------------

--
-- Table structure for table `transaksi`
--

CREATE TABLE `transaksi` (
  `id_transaksi` int(11) NOT NULL,
  `id_pelanggan` int(11) NOT NULL,
  `id_produk` int(11) NOT NULL,
  `tgl_transaksi` date NOT NULL
) ENGINE=InnoDB DEFAULT CHARSET=utf8mb4;

--
-- Dumping data for table `transaksi`
--

INSERT INTO `transaksi` (`id_transaksi`, `id_pelanggan`, `id_produk`, `tgl_transaksi`) VALUES
(43, 6, 33, '2022-09-18'),
(44, 6, 33, '2022-09-18'),
(45, 6, 33, '2022-09-18'),
(46, 6, 33, '2022-09-18'),
(47, 6, 33, '2022-09-18'),
(48, 6, 33, '2022-09-18'),
(49, 6, 33, '2022-09-18'),
(50, 6, 33, '2022-09-18'),
(51, 6, 33, '2022-09-18'),
(52, 6, 33, '2022-09-18'),
(53, 6, 33, '2022-09-18'),
(54, 6, 33, '2022-09-19'),
(55, 6, 33, '2022-09-19');

--
-- Indexes for dumped tables
--

--
-- Indexes for table `detail_transaksi`
--
ALTER TABLE `detail_transaksi`
  ADD PRIMARY KEY (`id_detail_transaksi`),
  ADD KEY `id_transaksi` (`id_transaksi`);

--
-- Indexes for table `pelanggan`
--
ALTER TABLE `pelanggan`
  ADD PRIMARY KEY (`id_pelanggan`);

--
-- Indexes for table `petugas`
--
ALTER TABLE `petugas`
  ADD PRIMARY KEY (`id_petugas`);

--
-- Indexes for table `produk`
--
ALTER TABLE `produk`
  ADD PRIMARY KEY (`id_produk`);

--
-- Indexes for table `transaksi`
--
ALTER TABLE `transaksi`
  ADD PRIMARY KEY (`id_transaksi`),
  ADD KEY `id_pelanggan` (`id_pelanggan`),
  ADD KEY `id_produk` (`id_produk`);

--
-- AUTO_INCREMENT for dumped tables
--

--
-- AUTO_INCREMENT for table `detail_transaksi`
--
ALTER TABLE `detail_transaksi`
  MODIFY `id_detail_transaksi` int(11) NOT NULL AUTO_INCREMENT, AUTO_INCREMENT=38;

--
-- AUTO_INCREMENT for table `pelanggan`
--
ALTER TABLE `pelanggan`
  MODIFY `id_pelanggan` int(11) NOT NULL AUTO_INCREMENT, AUTO_INCREMENT=9;

--
-- AUTO_INCREMENT for table `petugas`
--
ALTER TABLE `petugas`
  MODIFY `id_petugas` int(11) NOT NULL AUTO_INCREMENT, AUTO_INCREMENT=2;

--
-- AUTO_INCREMENT for table `produk`
--
ALTER TABLE `produk`
  MODIFY `id_produk` int(11) NOT NULL AUTO_INCREMENT, AUTO_INCREMENT=34;

--
-- AUTO_INCREMENT for table `transaksi`
--
ALTER TABLE `transaksi`
  MODIFY `id_transaksi` int(11) NOT NULL AUTO_INCREMENT, AUTO_INCREMENT=56;

--
-- Constraints for dumped tables
--

--
-- Constraints for table `detail_transaksi`
--
ALTER TABLE `detail_transaksi`
  ADD CONSTRAINT `detail_transaksi_ibfk_1` FOREIGN KEY (`id_transaksi`) REFERENCES `transaksi` (`id_transaksi`) ON DELETE CASCADE ON UPDATE CASCADE;

--
-- Constraints for table `transaksi`
--
ALTER TABLE `transaksi`
  ADD CONSTRAINT `transaksi_ibfk_1` FOREIGN KEY (`id_pelanggan`) REFERENCES `pelanggan` (`id_pelanggan`),
  ADD CONSTRAINT `transaksi_ibfk_3` FOREIGN KEY (`id_produk`) REFERENCES `produk` (`id_produk`) ON DELETE CASCADE ON UPDATE CASCADE;
COMMIT;

/*!40101 SET CHARACTER_SET_CLIENT=@OLD_CHARACTER_SET_CLIENT */;
/*!40101 SET CHARACTER_SET_RESULTS=@OLD_CHARACTER_SET_RESULTS */;
/*!40101 SET COLLATION_CONNECTION=@OLD_COLLATION_CONNECTION */;
